current_id,username,first_name,last_name
1,timothy.bailey,Timothy,Bailey
2,laura.ramirez,Laura,Ramirez
3,jeffrey.nguyen,Jeffrey,Nguyen
4,jonathan.jones,Jonathan,Jones
5,kevin.hill,Kevin,Hill
6,samantha.diaz,Samantha,Diaz
7,jason.johnson,Jason,Johnson
8,kathleen.cook,Kathleen,Cook
9,jonathan.jackson,Jonathan,Jackson
10,samantha.carter,Samantha,Carter
11,raymond.davis,Raymond,Davis
12,nicole.nguyen,Nicole,Nguyen
13,frank.anderson,Frank,Anderson
14,justin.rodriguez,Justin,Rodriguez
15,edward.mitchell,Edward,Mitchell
16,kenneth.kim,Kenneth,Kim
17,jessica.ramos,Jessica,Ramos
18,rachel.rivera,Rachel,Rivera
19,james.allen,James,Allen
20,thomas.sanchez,Thomas,Sanchez
21,david.collins,David,Collins
22,julie.green,Julie,Green
23,john.evans,John,Evans
24,paul.wright,Paul,Wright
25,robert.brown,Robert,Brown
26,debra.ramos,Debra,Ramos
27,samuel.morales,Samuel,Morales
28,lisa.gutierrez,Lisa,Gutierrez
29,jason.turner,Jason,Turner
30,ryan.hill,Ryan,Hill
31,emma.phillips,Emma,Phillips
32,ronald.ramos,Ronald,Ramos
33,anthony.scott,Anthony,Scott
34,jeffrey.thompson,Jeffrey,Thompson
35,jessica.howard,Jessica,Howard
36,jerry.hall,Jerry,Hall
37,mary.perez,Mary,Perez
38,gregory.ward,Gregory,Ward
39,emma.martin,Emma,Martin
40,scott.phillips,Scott,Phillips
41,robert.diaz,Robert,Diaz
42,olivia.smith,Olivia,Smith
43,richard.rogers,Richard,Rogers
44,barbara.gomez,Barbara,Gomez
45,edward.hernandez,Edward,Hernandez
46,jeffrey.scott,Jeffrey,Scott
47,sharon.carter,Sharon,Carter
48,jacob.green,Jacob,Green
49,michael.johnson,Michael,Johnson
50,timothy.white,Timothy,White
51,david.mitchell,David,Mitchell
52,samantha.brown,Samantha,Brown
53,brenda.rogers,Brenda,Rogers
54,scott.thomas,Scott,Thomas
55,amanda.parker,Amanda,Parker
56,amanda.adams,Amanda,Adams
57,aaron.diaz,Aaron,Diaz
58,raymond.anderson,Raymond,Anderson
59,dennis.miller,Dennis,Miller
60,pamela.ortiz,Pamela,Ortiz
61,patricia.williams,Patricia,Williams
62,brenda.cox,Brenda,Cox
63,benjamin.bailey,Benjamin,Bailey
64,susan.allen,Susan,Allen
65,brenda.lopez,Brenda,Lopez
66,richard.lewis,Richard,Lewis
67,emma.moore,Emma,Moore
68,nicholas.cook,Nicholas,Cook
69,jennifer.gonzalez,Jennifer,Gonzalez
70,kenneth.mitchell,Kenneth,Mitchell
71,amy.reyes,Amy,Reyes
72,olivia.lewis,Olivia,Lewis
73,robert.taylor,Robert,Taylor
74,susan.cook,Susan,Cook
75,debra.perez,Debra,Perez
76,gary.cooper,Gary,Cooper
77,daniel.morris,Daniel,Morris
78,donna.martinez,Donna,Martinez
79,aaron.diaz1,Aaron,Diaz
80,steven.harris,Steven,Harris
81,benjamin.carter,Benjamin,Carter
82,sandra.gomez,Sandra,Gomez
83,julie.morgan,Julie,Morgan
84,nancy.wright,Nancy,Wright
85,jerry.martin,Jerry,Martin
86,olivia.wright,Olivia,Wright
87,sandra.campbell,Sandra,Campbell
88,mark.anderson,Mark,Anderson
89,carolyn.cooper,Carolyn,Cooper
90,barbara.brown,Barbara,Brown
91,timothy.thomas,Timothy,Thomas
92,emma.nguyen,Emma,Nguyen
93,joshua.nguyen,Joshua,Nguyen
94,susan.cook1,Susan,Cook
95,amy.cruz,Amy,Cruz
96,joseph.green,Joseph,Green
97,linda.baker,Linda,Baker
98,rebecca.scott,Rebecca,Scott
99,mary.phillips,Mary,Phillips
100,tyler.brown,Tyler,Brown
101,julie.garcia,Julie,Garcia
102,katherine.adams,Katherine,Adams
103,charles.hall,Charles,Hall
104,james.allen1,James,Allen
105,stephanie.cooper,Stephanie,Cooper
106,brandon.davis,Brandon,Davis
107,pamela.campbell,Pamela,Campbell
108,ronald.sanchez,Ronald,Sanchez
109,alexander.wilson,Alexander,Wilson
110,samuel.bailey,Samuel,Bailey
111,joshua.reed,Joshua,Reed
112,laura.kelly,Laura,Kelly
113,jack.kim,Jack,Kim
114,julie.thomas,Julie,Thomas
115,jennifer.collins,Jennifer,Collins
116,brian.brown,Brian,Brown
117,emily.collins,Emily,Collins
118,lisa.campbell,Lisa,Campbell
119,katherine.nguyen,Katherine,Nguyen
120,michelle.parker,Michelle,Parker
121,emily.clark,Emily,Clark
122,scott.howard,Scott,Howard
123,jack.taylor,Jack,Taylor
124,anthony.morales,Anthony,Morales
125,deborah.martinez,Deborah,Martinez
126,helen.jones,Helen,Jones
127,christine.gomez,Christine,Gomez
128,kevin.walker,Kevin,Walker
129,dennis.baker,Dennis,Baker
130,matthew.thompson,Matthew,Thompson
131,margaret.taylor,Margaret,Taylor
132,john.smith,John,Smith
133,debra.wright,Debra,Wright
134,tyler.flores,Tyler,Flores
135,barbara.cox,Barbara,Cox
136,alexander.evans,Alexander,Evans
137,shirley.allen,Shirley,Allen
138,jack.anderson,Jack,Anderson
139,frank.ortiz,Frank,Ortiz
140,helen.rogers,Helen,Rogers
141,carolyn.brown,Carolyn,Brown
142,deborah.rogers,Deborah,Rogers
143,stephanie.moore,Stephanie,Moore
144,nancy.mitchell,Nancy,Mitchell
145,pamela.kelly,Pamela,Kelly
146,david.walker,David,Walker
147,brandon.hill,Brandon,Hill
148,janet.torres,Janet,Torres
149,joseph.perez,Joseph,Perez
150,lisa.walker,Lisa,Walker
151,emma.wilson,Emma,Wilson
152,anthony.gomez,Anthony,Gomez
153,jessica.mitchell,Jessica,Mitchell
154,donald.moore,Donald,Moore
155,olivia.torres,Olivia,Torres
156,susan.jones,Susan,Jones
157,samuel.martinez,Samuel,Martinez
158,donald.martin,Donald,Martin
159,michael.king,Michael,King
160,katherine.cooper,Katherine,Cooper
161,sarah.murphy,Sarah,Murphy
162,eric.smith,Eric,Smith
163,sandra.jackson,Sandra,Jackson
164,timothy.martin,Timothy,Martin
165,jason.perez,Jason,Perez
166,alexander.nelson,Alexander,Nelson
167,emma.sanchez,Emma,Sanchez
168,nicholas.rivera,Nicholas,Rivera
169,heather.reyes,Heather,Reyes
170,christopher.nguyen,Christopher,Nguyen
171,richard.kim,Richard,Kim
172,jonathan.roberts,Jonathan,Roberts
173,scott.ward,Scott,Ward
174,betty.cox,Betty,Cox
175,paul.walker,Paul,Walker
176,anna.hall,Anna,Hall
177,daniel.lee,Daniel,Lee
178,ryan.green,Ryan,Green
179,anthony.turner,Anthony,Turner
180,mark.hill,Mark,Hill
181,emma.young,Emma,Young
182,patricia.anderson,Patricia,Anderson
183,matthew.hill,Matthew,Hill
184,anthony.young,Anthony,Young
185,charles.torres,Charles,Torres
186,frank.cruz,Frank,Cruz
187,rebecca.davis,Rebecca,Davis
188,katherine.walker,Katherine,Walker
189,anna.hall1,Anna,Hall
190,janet.morgan,Janet,Morgan
191,robert.carter,Robert,Carter
192,patricia.murphy,Patricia,Murphy
193,cynthia.robinson,Cynthia,Robinson
194,helen.miller,Helen,Miller
195,mark.mitchell,Mark,Mitchell
196,karen.mitchell,Karen,Mitchell
197,rachel.roberts,Rachel,Roberts
198,kathleen.white,Kathleen,White
199,justin.rivera,Justin,Rivera
200,brenda.campbell,Brenda,Campbell
201,benjamin.green,Benjamin,Green
202,amanda.gomez,Amanda,Gomez
203,jessica.carter,Jessica,Carter
204,daniel.harris,Daniel,Harris
205,patrick.morris,Patrick,Morris
206,david.hall,David,Hall
207,ronald.ward,Ronald,Ward
208,brandon.king,Brandon,King
209,michelle.lewis,Michelle,Lewis
210,paul.martinez,Paul,Martinez
211,rachel.young,Rachel,Young
212,ryan.thompson,Ryan,Thompson
213,donna.miller,Donna,Miller
214,stephanie.anderson,Stephanie,Anderson
215,shirley.ward,Shirley,Ward
216,rachel.king,Rachel,King
217,debra.allen,Debra,Allen
218,emily.collins1,Emily,Collins
219,heather.cook,Heather,Cook
220,amy.gonzalez,Amy,Gonzalez
221,thomas.murphy,Thomas,Murphy
222,sarah.collins,Sarah,Collins
223,raymond.clark,Raymond,Clark
224,robert.robinson,Robert,Robinson
225,david.torres,David,Torres
226,sarah.rodriguez,Sarah,Rodriguez
227,elizabeth.jackson,Elizabeth,Jackson
228,pamela.collins,Pamela,Collins
229,eric.edwards,Eric,Edwards
230,kenneth.taylor,Kenneth,Taylor
231,stephen.allen,Stephen,Allen
232,nancy.peterson,Nancy,Peterson
233,stephanie.kelly,Stephanie,Kelly
234,john.robinson,John,Robinson
235,mary.adams,Mary,Adams
236,karen.allen,Karen,Allen
237,timothy.kelly,Timothy,Kelly
238,robert.gomez,Robert,Gomez
239,katherine.baker,Katherine,Baker
240,nancy.collins,Nancy,Collins
241,matthew.brown,Matthew,Brown
242,amy.martinez,Amy,Martinez
243,heather.moore,Heather,Moore
244,margaret.nelson,Margaret,Nelson
245,justin.cruz,Justin,Cruz
246,jack.lopez,Jack,Lopez
247,jack.wright,Jack,Wright
248,michelle.brown,Michelle,Brown
249,eric.baker,Eric,Baker
250,nicholas.evans,Nicholas,Evans
251,kevin.young,Kevin,Young
252,michelle.torres,Michelle,Torres
253,matthew.hernandez,Matthew,Hernandez
254,linda.cruz,Linda,Cruz
255,nicholas.sanchez,Nicholas,Sanchez
256,kathleen.mitchell,Kathleen,Mitchell
257,william.rogers,William,Rogers
258,patrick.harris,Patrick,Harris
259,eric.turner,Eric,Turner
260,stephanie.ramos,Stephanie,Ramos
261,william.scott,William,Scott
262,julie.gutierrez,Julie,Gutierrez
263,sandra.martin,Sandra,Martin
264,gary.phillips,Gary,Phillips
265,timothy.lewis,Timothy,Lewis
266,andrew.williams,Andrew,Williams
267,heather.roberts,Heather,Roberts
268,robert.gonzalez,Robert,Gonzalez
269,raymond.davis1,Raymond,Davis
270,carol.green,Carol,Green
271,robert.sanchez,Robert,Sanchez
272,gregory.ramirez,Gregory,Ramirez
273,robert.nguyen,Robert,Nguyen
274,carol.rogers,Carol,Rogers
275,linda.flores,Linda,Flores
276,steven.campbell,Steven,Campbell
277,carolyn.morris,Carolyn,Morris
278,ronald.parker,Ronald,Parker
279,matthew.clark,Matthew,Clark
280,karen.rogers,Karen,Rogers
281,mark.young,Mark,Young
282,matthew.taylor,Matthew,Taylor
283,michelle.garcia,Michelle,Garcia
284,debra.morales,Debra,Morales
285,barbara.sanchez,Barbara,Sanchez
286,ashley.mitchell,Ashley,Mitchell
287,john.flores,John,Flores
288,rebecca.reed,Rebecca,Reed
289,brenda.garcia,Brenda,Garcia
290,deborah.lee,Deborah,Lee
291,christopher.scott,Christopher,Scott
292,jack.reed,Jack,Reed
293,jack.kim1,Jack,Kim
294,betty.morgan,Betty,Morgan
295,rebecca.flores,Rebecca,Flores
296,nicholas.peterson,Nicholas,Peterson
297,nicole.young,Nicole,Young
298,olivia.phillips,Olivia,Phillips
299,samuel.harris,Samuel,Harris
300,stephen.diaz,Stephen,Diaz
301,jack.gonzalez,Jack,Gonzalez
302,george.nelson,George,Nelson
303,anna.wilson,Anna,Wilson
304,jerry.turner,Jerry,Turner
305,ashley.phillips,Ashley,Phillips
306,stephanie.scott,Stephanie,Scott
307,julie.thomas1,Julie,Thomas
308,michelle.ramirez,Michelle,Ramirez
309,patricia.torres,Patricia,Torres
310,katherine.sanchez,Katherine,Sanchez
311,jessica.morales,Jessica,Morales
312,ronald.evans,Ronald,Evans
313,karen.young,Karen,Young
314,laura.allen,Laura,Allen
315,jacob.wright,Jacob,Wright
316,larry.ortiz,Larry,Ortiz
317,jack.ortiz,Jack,Ortiz
318,alexander.nelson1,Alexander,Nelson
319,patrick.campbell,Patrick,Campbell
320,margaret.green,Margaret,Green
321,samantha.peterson,Samantha,Peterson
322,amanda.lopez,Amanda,Lopez
323,jennifer.jones,Jennifer,Jones
324,dorothy.williams,Dorothy,Williams
325,patricia.hernandez,Patricia,Hernandez
326,daniel.cooper,Daniel,Cooper
327,daniel.ramirez,Daniel,Ramirez
328,thomas.johnson,Thomas,Johnson
329,eric.thompson,Eric,Thompson
330,christine.baker,Christine,Baker
331,ryan.gutierrez,Ryan,Gutierrez
332,joseph.stewart,Joseph,Stewart
333,brandon.rivera,Brandon,Rivera
334,donald.green,Donald,Green
335,aaron.cruz,Aaron,Cruz
336,betty.diaz,Betty,Diaz
337,stephanie.morgan,Stephanie,Morgan
338,katherine.smith,Katherine,Smith
339,debra.peterson,Debra,Peterson
340,stephen.reed,Stephen,Reed
341,ronald.stewart,Ronald,Stewart
342,ryan.martin,Ryan,Martin
343,justin.perez,Justin,Perez
344,shirley.reyes,Shirley,Reyes
345,olivia.taylor,Olivia,Taylor
346,anna.morris,Anna,Morris
347,charles.ramirez,Charles,Ramirez
348,david.hall1,David,Hall
349,benjamin.lewis,Benjamin,Lewis
350,carol.evans,Carol,Evans
351,nicholas.phillips,Nicholas,Phillips
352,julie.thomas2,Julie,Thomas
353,patricia.adams,Patricia,Adams
354,amy.kelly,Amy,Kelly
355,joshua.clark,Joshua,Clark
356,sarah.hernandez,Sarah,Hernandez
357,dorothy.anderson,Dorothy,Anderson
358,jack.johnson,Jack,Johnson
359,cynthia.king,Cynthia,King
360,jacob.nguyen,Jacob,Nguyen
361,kenneth.gutierrez,Kenneth,Gutierrez
362,karen.lewis,Karen,Lewis
363,donald.sanchez,Donald,Sanchez
364,betty.lee,Betty,Lee
365,ryan.lee,Ryan,Lee
366,stephen.brown,Stephen,Brown
367,nicole.perez,Nicole,Perez
368,charles.scott,Charles,Scott
369,melissa.cooper,Melissa,Cooper
370,diane.robinson,Diane,Robinson
371,janet.hall,Janet,Hall
372,brenda.lee,Brenda,Lee
373,tyler.martinez,Tyler,Martinez
374,michael.rivera,Michael,Rivera
375,anthony.davis,Anthony,Davis
376,lisa.lewis,Lisa,Lewis
377,melissa.peterson,Melissa,Peterson
378,larry.nguyen,Larry,Nguyen
379,rebecca.perez,Rebecca,Perez
380,alexander.reyes,Alexander,Reyes
381,deborah.gutierrez,Deborah,Gutierrez
382,jeffrey.smith,Jeffrey,Smith
383,timothy.morris,Timothy,Morris
384,lisa.wright,Lisa,Wright
385,patrick.perez,Patrick,Perez
386,laura.ward,Laura,Ward
387,larry.sanchez,Larry,Sanchez
388,cynthia.ward,Cynthia,Ward
389,olivia.rivera,Olivia,Rivera
390,jack.murphy,Jack,Murphy
391,brian.rogers,Brian,Rogers
392,rebecca.perez1,Rebecca,Perez
393,katherine.cruz,Katherine,Cruz
394,heather.johnson,Heather,Johnson
395,donald.hill,Donald,Hill
396,rachel.miller,Rachel,Miller
397,george.scott,George,Scott
398,joseph.jackson,Joseph,Jackson
399,eric.diaz,Eric,Diaz
400,eric.howard,Eric,Howard
401,raymond.parker,Raymond,Parker
402,nicholas.howard,Nicholas,Howard
403,jacob.turner,Jacob,Turner
404,john.baker,John,Baker
405,stephen.johnson,Stephen,Johnson
406,michelle.brown1,Michelle,Brown
407,margaret.hill,Margaret,Hill
408,emily.perez,Emily,Perez
409,aaron.wilson,Aaron,Wilson
410,emma.turner,Emma,Turner
411,deborah.gonzalez,Deborah,Gonzalez
412,jack.gonzalez1,Jack,Gonzalez
413,samantha.parker,Samantha,Parker
414,justin.howard,Justin,Howard
415,janet.ward,Janet,Ward
416,lisa.martinez,Lisa,Martinez
417,deborah.cruz,Deborah,Cruz
418,ronald.kim,Ronald,Kim
419,brenda.cruz,Brenda,Cruz
420,aaron.ward,Aaron,Ward
421,nancy.murphy,Nancy,Murphy
422,timothy.robinson,Timothy,Robinson
423,edward.smith,Edward,Smith
424,carolyn.white,Carolyn,White
425,matthew.rivera,Matthew,Rivera
426,debra.carter,Debra,Carter
427,shirley.walker,Shirley,Walker
428,jessica.bailey,Jessica,Bailey
429,alexander.clark,Alexander,Clark
430,aaron.morris,Aaron,Morris
431,kathleen.murphy,Kathleen,Murphy
432,dennis.campbell,Dennis,Campbell
433,donald.sanchez1,Donald,Sanchez
434,sarah.davis,Sarah,Davis
435,laura.adams,Laura,Adams
436,joseph.murphy,Joseph,Murphy
437,charles.torres1,Charles,Torres
438,jacob.thompson,Jacob,Thompson
439,diane.rodriguez,Diane,Rodriguez
440,charles.rogers,Charles,Rogers
441,matthew.turner,Matthew,Turner
442,christine.edwards,Christine,Edwards
443,linda.cooper,Linda,Cooper
444,edward.lewis,Edward,Lewis
445,nicole.white,Nicole,White
446,deborah.lee1,Deborah,Lee
447,christopher.cooper,Christopher,Cooper
448,susan.martin,Susan,Martin
449,michael.hernandez,Michael,Hernandez
450,margaret.jones,Margaret,Jones
451,ronald.hill,Ronald,Hill
452,ronald.edwards,Ronald,Edwards
453,donald.green1,Donald,Green
454,gregory.moore,Gregory,Moore
455,tyler.ortiz,Tyler,Ortiz
456,laura.jackson,Laura,Jackson
457,rebecca.murphy,Rebecca,Murphy
458,benjamin.walker,Benjamin,Walker
459,margaret.kim,Margaret,Kim
460,ronald.wright,Ronald,Wright
461,rebecca.moore,Rebecca,Moore
462,pamela.harris,Pamela,Harris
463,david.edwards,David,Edwards
464,karen.johnson,Karen,Johnson
465,daniel.gutierrez,Daniel,Gutierrez
466,william.thomas,William,Thomas
467,carolyn.baker,Carolyn,Baker
468,christine.walker,Christine,Walker
469,shirley.nguyen,Shirley,Nguyen
470,elizabeth.hernandez,Elizabeth,Hernandez
471,dennis.nguyen,Dennis,Nguyen
472,kathleen.edwards,Kathleen,Edwards
473,matthew.martinez,Matthew,Martinez
474,maria.jones,Maria,Jones
475,edward.parker,Edward,Parker
476,karen.reed,Karen,Reed
477,christopher.anderson,Christopher,Anderson
478,stephanie.davis,Stephanie,Davis
479,thomas.brown,Thomas,Brown
480,amanda.young,Amanda,Young
481,gregory.cook,Gregory,Cook
482,christine.allen,Christine,Allen
483,samuel.allen,Samuel,Allen
484,melissa.jones,Melissa,Jones
485,diane.peterson,Diane,Peterson
486,brenda.lewis,Brenda,Lewis
487,ryan.hernandez,Ryan,Hernandez
488,thomas.williams,Thomas,Williams
489,kimberly.king,Kimberly,King
490,debra.edwards,Debra,Edwards
491,jessica.campbell,Jessica,Campbell
492,stephen.sanchez,Stephen,Sanchez
493,brandon.reed,Brandon,Reed
494,eric.flores,Eric,Flores
495,barbara.clark,Barbara,Clark
496,gary.hernandez,Gary,Hernandez
497,donald.jackson,Donald,Jackson
498,melissa.thompson,Melissa,Thompson
499,steven.robinson,Steven,Robinson
500,kathleen.roberts,Kathleen,Roberts
501,anna.bailey,Anna,Bailey
502,brandon.baker,Brandon,Baker
503,christine.howard,Christine,Howard
504,brian.morris,Brian,Morris
505,mary.torres,Mary,Torres
506,benjamin.allen,Benjamin,Allen
507,betty.gutierrez,Betty,Gutierrez
508,karen.allen1,Karen,Allen
509,tyler.rogers,Tyler,Rogers
510,robert.ramos,Robert,Ramos
511,susan.flores,Susan,Flores
512,scott.green,Scott,Green
513,carolyn.edwards,Carolyn,Edwards
514,steven.martinez,Steven,Martinez
515,charles.perez,Charles,Perez
516,anthony.perez,Anthony,Perez
517,olivia.cruz,Olivia,Cruz
518,ryan.flores,Ryan,Flores
519,jonathan.rodriguez,Jonathan,Rodriguez
520,joseph.collins,Joseph,Collins
521,dorothy.hill,Dorothy,Hill
522,joseph.collins1,Joseph,Collins
523,thomas.diaz,Thomas,Diaz
524,daniel.jones,Daniel,Jones
525,jeffrey.bailey,Jeffrey,Bailey
526,carol.rivera,Carol,Rivera
527,thomas.taylor,Thomas,Taylor
528,alexander.jackson,Alexander,Jackson
529,james.nguyen,James,Nguyen
530,benjamin.gomez,Benjamin,Gomez
531,carolyn.miller,Carolyn,Miller
532,sharon.roberts,Sharon,Roberts
533,sarah.morales,Sarah,Morales
534,lisa.miller,Lisa,Miller
535,samuel.king,Samuel,King
536,andrew.taylor,Andrew,Taylor
537,jennifer.stewart,Jennifer,Stewart
538,barbara.cruz,Barbara,Cruz
539,gary.phillips1,Gary,Phillips
540,helen.wilson,Helen,Wilson
541,cynthia.murphy,Cynthia,Murphy
542,linda.morales,Linda,Morales
543,jack.baker,Jack,Baker
544,andrew.taylor1,Andrew,Taylor
545,anna.peterson,Anna,Peterson
546,jason.rogers,Jason,Rogers
547,rachel.cruz,Rachel,Cruz
548,linda.bailey,Linda,Bailey
549,robert.miller,Robert,Miller
550,christopher.hill,Christopher,Hill
551,amy.wright,Amy,Wright
552,anthony.davis1,Anthony,Davis
553,susan.morales,Susan,Morales
554,alexander.roberts,Alexander,Roberts
555,amanda.ortiz,Amanda,Ortiz
556,dennis.cook,Dennis,Cook
557,matthew.green,Matthew,Green
558,betty.baker,Betty,Baker
559,aaron.nelson,Aaron,Nelson
560,donna.martin,Donna,Martin
561,linda.gutierrez,Linda,Gutierrez
562,nicole.perez1,Nicole,Perez
563,william.murphy,William,Murphy
564,gregory.harris,Gregory,Harris
565,dennis.wright,Dennis,Wright
566,laura.phillips,Laura,Phillips
567,ronald.perez,Ronald,Perez
568,steven.lewis,Steven,Lewis
569,carolyn.miller1,Carolyn,Miller
570,larry.kelly,Larry,Kelly
571,christopher.gutierrez,Christopher,Gutierrez
572,donna.adams,Donna,Adams
573,samuel.morales1,Samuel,Morales
574,william.gutierrez,William,Gutierrez
575,frank.reed,Frank,Reed
576,angela.clark,Angela,Clark
577,george.davis,George,Davis
578,gregory.lopez,Gregory,Lopez
579,jeffrey.roberts,Jeffrey,Roberts
580,diane.hall,Diane,Hall
581,charles.reed,Charles,Reed
582,maria.lewis,Maria,Lewis
583,debra.davis,Debra,Davis
584,elizabeth.allen,Elizabeth,Allen
585,lisa.rogers,Lisa,Rogers
586,brandon.lee,Brandon,Lee
587,joseph.wright,Joseph,Wright
588,rachel.moore,Rachel,Moore
589,william.garcia,William,Garcia
590,andrew.cook,Andrew,Cook
591,jennifer.walker,Jennifer,Walker
592,laura.rodriguez,Laura,Rodriguez
593,emma.anderson,Emma,Anderson
594,jeffrey.moore,Jeffrey,Moore
595,andrew.taylor2,Andrew,Taylor
596,rachel.morales,Rachel,Morales
597,sarah.williams,Sarah,Williams
598,maria.ramirez,Maria,Ramirez
599,jason.sanchez,Jason,Sanchez
600,debra.white,Debra,White
601,jeffrey.king,Jeffrey,King
602,brandon.reed1,Brandon,Reed
603,mary.brown,Mary,Brown
604,pamela.morgan,Pamela,Morgan
605,angela.king,Angela,King
606,gary.williams,Gary,Williams
607,melissa.cruz,Melissa,Cruz
608,william.harris,William,Harris
609,carolyn.bailey,Carolyn,Bailey
610,michael.morris,Michael,Morris
