current_id,username,first_name,last_name,new_id
335,aaron.cruz,Aaron,Cruz,1
57,aaron.diaz,Aaron,Diaz,2
79,aaron.diaz1,Aaron,Diaz,3
430,aaron.morris,Aaron,Morris,4
559,aaron.nelson,Aaron,Nelson,5
420,aaron.ward,Aaron,Ward,6
409,aaron.wilson,Aaron,Wilson,7
429,alexander.clark,Alexander,Clark,8
136,alexander.evans,Alexander,Evans,9
528,alexander.jackson,Alexander,Jackson,10
166,alexander.nelson,Alexander,Nelson,11
318,alexander.nelson1,Alexander,Nelson,12
380,alexander.reyes,Alexander,Reyes,13
554,alexander.roberts,Alexander,Roberts,14
109,alexander.wilson,Alexander,Wilson,15
56,amanda.adams,Amanda,Adams,16
202,amanda.gomez,Amanda,Gomez,17
322,amanda.lopez,Amanda,Lopez,18
555,amanda.ortiz,Amanda,Ortiz,19
55,amanda.parker,Amanda,Parker,20
480,amanda.young,Amanda,Young,21
95,amy.cruz,Amy,Cruz,22
220,amy.gonzalez,Amy,Gonzalez,23
354,amy.kelly,Amy,Kelly,24
242,amy.martinez,Amy,Martinez,25
71,amy.reyes,Amy,Reyes,26
551,amy.wright,Amy,Wright,27
590,andrew.cook,Andrew,Cook,28
536,andrew.taylor,Andrew,Taylor,29
544,andrew.taylor1,Andrew,Taylor,30
595,andrew.taylor2,Andrew,Taylor,31
266,andrew.williams,Andrew,Williams,32
576,angela.clark,Angela,Clark,33
605,angela.king,Angela,King,34
501,anna.bailey,Anna,Bailey,35
176,anna.hall,Anna,Hall,36
189,anna.hall1,Anna,Hall,37
346,anna.morris,Anna,Morris,38
545,anna.peterson,Anna,Peterson,39
303,anna.wilson,Anna,Wilson,40
375,anthony.davis,Anthony,Davis,41
552,anthony.davis1,Anthony,Davis,42
152,anthony.gomez,Anthony,Gomez,43
124,anthony.morales,Anthony,Morales,44
516,anthony.perez,Anthony,Perez,45
33,anthony.scott,Anthony,Scott,46
179,anthony.turner,Anthony,Turner,47
184,anthony.young,Anthony,Young,48
286,ashley.mitchell,Ashley,Mitchell,49
305,ashley.phillips,Ashley,Phillips,50
90,barbara.brown,Barbara,Brown,51
495,barbara.clark,Barbara,Clark,52
135,barbara.cox,Barbara,Cox,53
538,barbara.cruz,Barbara,Cruz,54
44,barbara.gomez,Barbara,Gomez,55
285,barbara.sanchez,Barbara,Sanchez,56
506,benjamin.allen,Benjamin,Allen,57
63,benjamin.bailey,Benjamin,Bailey,58
81,benjamin.carter,Benjamin,Carter,59
530,benjamin.gomez,Benjamin,Gomez,60
201,benjamin.green,Benjamin,Green,61
349,benjamin.lewis,Benjamin,Lewis,62
458,benjamin.walker,Benjamin,Walker,63
558,betty.baker,Betty,Baker,64
174,betty.cox,Betty,Cox,65
336,betty.diaz,Betty,Diaz,66
507,betty.gutierrez,Betty,Gutierrez,67
364,betty.lee,Betty,Lee,68
294,betty.morgan,Betty,Morgan,69
502,brandon.baker,Brandon,Baker,70
106,brandon.davis,Brandon,Davis,71
147,brandon.hill,Brandon,Hill,72
208,brandon.king,Brandon,King,73
586,brandon.lee,Brandon,Lee,74
493,brandon.reed,Brandon,Reed,75
602,brandon.reed1,Brandon,Reed,76
333,brandon.rivera,Brandon,Rivera,77
200,brenda.campbell,Brenda,Campbell,78
62,brenda.cox,Brenda,Cox,79
419,brenda.cruz,Brenda,Cruz,80
289,brenda.garcia,Brenda,Garcia,81
372,brenda.lee,Brenda,Lee,82
486,brenda.lewis,Brenda,Lewis,83
65,brenda.lopez,Brenda,Lopez,84
53,brenda.rogers,Brenda,Rogers,85
116,brian.brown,Brian,Brown,86
504,brian.morris,Brian,Morris,87
391,brian.rogers,Brian,Rogers,88
350,carol.evans,Carol,Evans,89
270,carol.green,Carol,Green,90
526,carol.rivera,Carol,Rivera,91
274,carol.rogers,Carol,Rogers,92
609,carolyn.bailey,Carolyn,Bailey,93
467,carolyn.baker,Carolyn,Baker,94
141,carolyn.brown,Carolyn,Brown,95
89,carolyn.cooper,Carolyn,Cooper,96
513,carolyn.edwards,Carolyn,Edwards,97
531,carolyn.miller,Carolyn,Miller,98
569,carolyn.miller1,Carolyn,Miller,99
277,carolyn.morris,Carolyn,Morris,100
424,carolyn.white,Carolyn,White,101
103,charles.hall,Charles,Hall,102
515,charles.perez,Charles,Perez,103
347,charles.ramirez,Charles,Ramirez,104
581,charles.reed,Charles,Reed,105
440,charles.rogers,Charles,Rogers,106
368,charles.scott,Charles,Scott,107
185,charles.torres,Charles,Torres,108
437,charles.torres1,Charles,Torres,109
482,christine.allen,Christine,Allen,110
330,christine.baker,Christine,Baker,111
442,christine.edwards,Christine,Edwards,112
127,christine.gomez,Christine,Gomez,113
503,christine.howard,Christine,Howard,114
468,christine.walker,Christine,Walker,115
477,christopher.anderson,Christopher,Anderson,116
447,christopher.cooper,Christopher,Cooper,117
571,christopher.gutierrez,Christopher,Gutierrez,118
550,christopher.hill,Christopher,Hill,119
170,christopher.nguyen,Christopher,Nguyen,120
291,christopher.scott,Christopher,Scott,121
359,cynthia.king,Cynthia,King,122
541,cynthia.murphy,Cynthia,Murphy,123
193,cynthia.robinson,Cynthia,Robinson,124
388,cynthia.ward,Cynthia,Ward,125
326,daniel.cooper,Daniel,Cooper,126
465,daniel.gutierrez,Daniel,Gutierrez,127
204,daniel.harris,Daniel,Harris,128
524,daniel.jones,Daniel,Jones,129
177,daniel.lee,Daniel,Lee,130
77,daniel.morris,Daniel,Morris,131
327,daniel.ramirez,Daniel,Ramirez,132
21,david.collins,David,Collins,133
463,david.edwards,David,Edwards,134
206,david.hall,David,Hall,135
348,david.hall1,David,Hall,136
51,david.mitchell,David,Mitchell,137
225,david.torres,David,Torres,138
146,david.walker,David,Walker,139
417,deborah.cruz,Deborah,Cruz,140
411,deborah.gonzalez,Deborah,Gonzalez,141
381,deborah.gutierrez,Deborah,Gutierrez,142
290,deborah.lee,Deborah,Lee,143
446,deborah.lee1,Deborah,Lee,144
125,deborah.martinez,Deborah,Martinez,145
142,deborah.rogers,Deborah,Rogers,146
217,debra.allen,Debra,Allen,147
426,debra.carter,Debra,Carter,148
583,debra.davis,Debra,Davis,149
490,debra.edwards,Debra,Edwards,150
284,debra.morales,Debra,Morales,151
75,debra.perez,Debra,Perez,152
339,debra.peterson,Debra,Peterson,153
26,debra.ramos,Debra,Ramos,154
600,debra.white,Debra,White,155
133,debra.wright,Debra,Wright,156
129,dennis.baker,Dennis,Baker,157
432,dennis.campbell,Dennis,Campbell,158
556,dennis.cook,Dennis,Cook,159
59,dennis.miller,Dennis,Miller,160
471,dennis.nguyen,Dennis,Nguyen,161
565,dennis.wright,Dennis,Wright,162
580,diane.hall,Diane,Hall,163
485,diane.peterson,Diane,Peterson,164
370,diane.robinson,Diane,Robinson,165
439,diane.rodriguez,Diane,Rodriguez,166
334,donald.green,Donald,Green,167
453,donald.green1,Donald,Green,168
395,donald.hill,Donald,Hill,169
497,donald.jackson,Donald,Jackson,170
158,donald.martin,Donald,Martin,171
154,donald.moore,Donald,Moore,172
363,donald.sanchez,Donald,Sanchez,173
433,donald.sanchez1,Donald,Sanchez,174
572,donna.adams,Donna,Adams,175
560,donna.martin,Donna,Martin,176
78,donna.martinez,Donna,Martinez,177
213,donna.miller,Donna,Miller,178
357,dorothy.anderson,Dorothy,Anderson,179
521,dorothy.hill,Dorothy,Hill,180
324,dorothy.williams,Dorothy,Williams,181
45,edward.hernandez,Edward,Hernandez,182
444,edward.lewis,Edward,Lewis,183
15,edward.mitchell,Edward,Mitchell,184
475,edward.parker,Edward,Parker,185
423,edward.smith,Edward,Smith,186
584,elizabeth.allen,Elizabeth,Allen,187
470,elizabeth.hernandez,Elizabeth,Hernandez,188
227,elizabeth.jackson,Elizabeth,Jackson,189
121,emily.clark,Emily,Clark,190
117,emily.collins,Emily,Collins,191
218,emily.collins1,Emily,Collins,192
408,emily.perez,Emily,Perez,193
593,emma.anderson,Emma,Anderson,194
39,emma.martin,Emma,Martin,195
67,emma.moore,Emma,Moore,196
92,emma.nguyen,Emma,Nguyen,197
31,emma.phillips,Emma,Phillips,198
167,emma.sanchez,Emma,Sanchez,199
410,emma.turner,Emma,Turner,200
151,emma.wilson,Emma,Wilson,201
181,emma.young,Emma,Young,202
249,eric.baker,Eric,Baker,203
399,eric.diaz,Eric,Diaz,204
229,eric.edwards,Eric,Edwards,205
494,eric.flores,Eric,Flores,206
400,eric.howard,Eric,Howard,207
162,eric.smith,Eric,Smith,208
329,eric.thompson,Eric,Thompson,209
259,eric.turner,Eric,Turner,210
13,frank.anderson,Frank,Anderson,211
186,frank.cruz,Frank,Cruz,212
139,frank.ortiz,Frank,Ortiz,213
575,frank.reed,Frank,Reed,214
76,gary.cooper,Gary,Cooper,215
496,gary.hernandez,Gary,Hernandez,216
264,gary.phillips,Gary,Phillips,217
539,gary.phillips1,Gary,Phillips,218
606,gary.williams,Gary,Williams,219
577,george.davis,George,Davis,220
302,george.nelson,George,Nelson,221
397,george.scott,George,Scott,222
481,gregory.cook,Gregory,Cook,223
564,gregory.harris,Gregory,Harris,224
578,gregory.lopez,Gregory,Lopez,225
454,gregory.moore,Gregory,Moore,226
272,gregory.ramirez,Gregory,Ramirez,227
38,gregory.ward,Gregory,Ward,228
219,heather.cook,Heather,Cook,229
394,heather.johnson,Heather,Johnson,230
243,heather.moore,Heather,Moore,231
169,heather.reyes,Heather,Reyes,232
267,heather.roberts,Heather,Roberts,233
126,helen.jones,Helen,Jones,234
194,helen.miller,Helen,Miller,235
140,helen.rogers,Helen,Rogers,236
540,helen.wilson,Helen,Wilson,237
138,jack.anderson,Jack,Anderson,238
543,jack.baker,Jack,Baker,239
301,jack.gonzalez,Jack,Gonzalez,240
412,jack.gonzalez1,Jack,Gonzalez,241
358,jack.johnson,Jack,Johnson,242
113,jack.kim,Jack,Kim,243
293,jack.kim1,Jack,Kim,244
246,jack.lopez,Jack,Lopez,245
390,jack.murphy,Jack,Murphy,246
317,jack.ortiz,Jack,Ortiz,247
292,jack.reed,Jack,Reed,248
123,jack.taylor,Jack,Taylor,249
247,jack.wright,Jack,Wright,250
48,jacob.green,Jacob,Green,251
360,jacob.nguyen,Jacob,Nguyen,252
438,jacob.thompson,Jacob,Thompson,253
403,jacob.turner,Jacob,Turner,254
315,jacob.wright,Jacob,Wright,255
19,james.allen,James,Allen,256
104,james.allen1,James,Allen,257
529,james.nguyen,James,Nguyen,258
371,janet.hall,Janet,Hall,259
190,janet.morgan,Janet,Morgan,260
148,janet.torres,Janet,Torres,261
415,janet.ward,Janet,Ward,262
7,jason.johnson,Jason,Johnson,263
165,jason.perez,Jason,Perez,264
546,jason.rogers,Jason,Rogers,265
599,jason.sanchez,Jason,Sanchez,266
29,jason.turner,Jason,Turner,267
525,jeffrey.bailey,Jeffrey,Bailey,268
601,jeffrey.king,Jeffrey,King,269
594,jeffrey.moore,Jeffrey,Moore,270
3,jeffrey.nguyen,Jeffrey,Nguyen,271
579,jeffrey.roberts,Jeffrey,Roberts,272
46,jeffrey.scott,Jeffrey,Scott,273
382,jeffrey.smith,Jeffrey,Smith,274
34,jeffrey.thompson,Jeffrey,Thompson,275
115,jennifer.collins,Jennifer,Collins,276
69,jennifer.gonzalez,Jennifer,Gonzalez,277
323,jennifer.jones,Jennifer,Jones,278
537,jennifer.stewart,Jennifer,Stewart,279
591,jennifer.walker,Jennifer,Walker,280
36,jerry.hall,Jerry,Hall,281
85,jerry.martin,Jerry,Martin,282
304,jerry.turner,Jerry,Turner,283
428,jessica.bailey,Jessica,Bailey,284
491,jessica.campbell,Jessica,Campbell,285
203,jessica.carter,Jessica,Carter,286
35,jessica.howard,Jessica,Howard,287
153,jessica.mitchell,Jessica,Mitchell,288
311,jessica.morales,Jessica,Morales,289
17,jessica.ramos,Jessica,Ramos,290
404,john.baker,John,Baker,291
23,john.evans,John,Evans,292
287,john.flores,John,Flores,293
234,john.robinson,John,Robinson,294
132,john.smith,John,Smith,295
9,jonathan.jackson,Jonathan,Jackson,296
4,jonathan.jones,Jonathan,Jones,297
172,jonathan.roberts,Jonathan,Roberts,298
519,jonathan.rodriguez,Jonathan,Rodriguez,299
520,joseph.collins,Joseph,Collins,300
522,joseph.collins1,Joseph,Collins,301
96,joseph.green,Joseph,Green,302
398,joseph.jackson,Joseph,Jackson,303
436,joseph.murphy,Joseph,Murphy,304
149,joseph.perez,Joseph,Perez,305
332,joseph.stewart,Joseph,Stewart,306
587,joseph.wright,Joseph,Wright,307
355,joshua.clark,Joshua,Clark,308
93,joshua.nguyen,Joshua,Nguyen,309
111,joshua.reed,Joshua,Reed,310
101,julie.garcia,Julie,Garcia,311
22,julie.green,Julie,Green,312
262,julie.gutierrez,Julie,Gutierrez,313
83,julie.morgan,Julie,Morgan,314
114,julie.thomas,Julie,Thomas,315
307,julie.thomas1,Julie,Thomas,316
352,julie.thomas2,Julie,Thomas,317
245,justin.cruz,Justin,Cruz,318
414,justin.howard,Justin,Howard,319
343,justin.perez,Justin,Perez,320
199,justin.rivera,Justin,Rivera,321
14,justin.rodriguez,Justin,Rodriguez,322
236,karen.allen,Karen,Allen,323
508,karen.allen1,Karen,Allen,324
464,karen.johnson,Karen,Johnson,325
362,karen.lewis,Karen,Lewis,326
196,karen.mitchell,Karen,Mitchell,327
476,karen.reed,Karen,Reed,328
280,karen.rogers,Karen,Rogers,329
313,karen.young,Karen,Young,330
102,katherine.adams,Katherine,Adams,331
239,katherine.baker,Katherine,Baker,332
160,katherine.cooper,Katherine,Cooper,333
393,katherine.cruz,Katherine,Cruz,334
119,katherine.nguyen,Katherine,Nguyen,335
310,katherine.sanchez,Katherine,Sanchez,336
338,katherine.smith,Katherine,Smith,337
188,katherine.walker,Katherine,Walker,338
8,kathleen.cook,Kathleen,Cook,339
472,kathleen.edwards,Kathleen,Edwards,340
256,kathleen.mitchell,Kathleen,Mitchell,341
431,kathleen.murphy,Kathleen,Murphy,342
500,kathleen.roberts,Kathleen,Roberts,343
198,kathleen.white,Kathleen,White,344
361,kenneth.gutierrez,Kenneth,Gutierrez,345
16,kenneth.kim,Kenneth,Kim,346
70,kenneth.mitchell,Kenneth,Mitchell,347
230,kenneth.taylor,Kenneth,Taylor,348
5,kevin.hill,Kevin,Hill,349
128,kevin.walker,Kevin,Walker,350
251,kevin.young,Kevin,Young,351
489,kimberly.king,Kimberly,King,352
570,larry.kelly,Larry,Kelly,353
378,larry.nguyen,Larry,Nguyen,354
316,larry.ortiz,Larry,Ortiz,355
387,larry.sanchez,Larry,Sanchez,356
435,laura.adams,Laura,Adams,357
314,laura.allen,Laura,Allen,358
456,laura.jackson,Laura,Jackson,359
112,laura.kelly,Laura,Kelly,360
566,laura.phillips,Laura,Phillips,361
2,laura.ramirez,Laura,Ramirez,362
592,laura.rodriguez,Laura,Rodriguez,363
386,laura.ward,Laura,Ward,364
548,linda.bailey,Linda,Bailey,365
97,linda.baker,Linda,Baker,366
443,linda.cooper,Linda,Cooper,367
254,linda.cruz,Linda,Cruz,368
275,linda.flores,Linda,Flores,369
561,linda.gutierrez,Linda,Gutierrez,370
542,linda.morales,Linda,Morales,371
118,lisa.campbell,Lisa,Campbell,372
28,lisa.gutierrez,Lisa,Gutierrez,373
376,lisa.lewis,Lisa,Lewis,374
416,lisa.martinez,Lisa,Martinez,375
534,lisa.miller,Lisa,Miller,376
585,lisa.rogers,Lisa,Rogers,377
150,lisa.walker,Lisa,Walker,378
384,lisa.wright,Lisa,Wright,379
320,margaret.green,Margaret,Green,380
407,margaret.hill,Margaret,Hill,381
450,margaret.jones,Margaret,Jones,382
459,margaret.kim,Margaret,Kim,383
244,margaret.nelson,Margaret,Nelson,384
131,margaret.taylor,Margaret,Taylor,385
474,maria.jones,Maria,Jones,386
582,maria.lewis,Maria,Lewis,387
598,maria.ramirez,Maria,Ramirez,388
88,mark.anderson,Mark,Anderson,389
180,mark.hill,Mark,Hill,390
195,mark.mitchell,Mark,Mitchell,391
281,mark.young,Mark,Young,392
235,mary.adams,Mary,Adams,393
603,mary.brown,Mary,Brown,394
37,mary.perez,Mary,Perez,395
99,mary.phillips,Mary,Phillips,396
505,mary.torres,Mary,Torres,397
241,matthew.brown,Matthew,Brown,398
279,matthew.clark,Matthew,Clark,399
557,matthew.green,Matthew,Green,400
253,matthew.hernandez,Matthew,Hernandez,401
183,matthew.hill,Matthew,Hill,402
473,matthew.martinez,Matthew,Martinez,403
425,matthew.rivera,Matthew,Rivera,404
282,matthew.taylor,Matthew,Taylor,405
130,matthew.thompson,Matthew,Thompson,406
441,matthew.turner,Matthew,Turner,407
369,melissa.cooper,Melissa,Cooper,408
607,melissa.cruz,Melissa,Cruz,409
484,melissa.jones,Melissa,Jones,410
377,melissa.peterson,Melissa,Peterson,411
498,melissa.thompson,Melissa,Thompson,412
449,michael.hernandez,Michael,Hernandez,413
49,michael.johnson,Michael,Johnson,414
159,michael.king,Michael,King,415
610,michael.morris,Michael,Morris,416
374,michael.rivera,Michael,Rivera,417
248,michelle.brown,Michelle,Brown,418
406,michelle.brown1,Michelle,Brown,419
283,michelle.garcia,Michelle,Garcia,420
209,michelle.lewis,Michelle,Lewis,421
120,michelle.parker,Michelle,Parker,422
308,michelle.ramirez,Michelle,Ramirez,423
252,michelle.torres,Michelle,Torres,424
240,nancy.collins,Nancy,Collins,425
144,nancy.mitchell,Nancy,Mitchell,426
421,nancy.murphy,Nancy,Murphy,427
232,nancy.peterson,Nancy,Peterson,428
84,nancy.wright,Nancy,Wright,429
68,nicholas.cook,Nicholas,Cook,430
250,nicholas.evans,Nicholas,Evans,431
402,nicholas.howard,Nicholas,Howard,432
296,nicholas.peterson,Nicholas,Peterson,433
351,nicholas.phillips,Nicholas,Phillips,434
168,nicholas.rivera,Nicholas,Rivera,435
255,nicholas.sanchez,Nicholas,Sanchez,436
12,nicole.nguyen,Nicole,Nguyen,437
367,nicole.perez,Nicole,Perez,438
562,nicole.perez1,Nicole,Perez,439
445,nicole.white,Nicole,White,440
297,nicole.young,Nicole,Young,441
517,olivia.cruz,Olivia,Cruz,442
72,olivia.lewis,Olivia,Lewis,443
298,olivia.phillips,Olivia,Phillips,444
389,olivia.rivera,Olivia,Rivera,445
42,olivia.smith,Olivia,Smith,446
345,olivia.taylor,Olivia,Taylor,447
155,olivia.torres,Olivia,Torres,448
86,olivia.wright,Olivia,Wright,449
107,pamela.campbell,Pamela,Campbell,450
228,pamela.collins,Pamela,Collins,451
462,pamela.harris,Pamela,Harris,452
145,pamela.kelly,Pamela,Kelly,453
604,pamela.morgan,Pamela,Morgan,454
60,pamela.ortiz,Pamela,Ortiz,455
353,patricia.adams,Patricia,Adams,456
182,patricia.anderson,Patricia,Anderson,457
325,patricia.hernandez,Patricia,Hernandez,458
192,patricia.murphy,Patricia,Murphy,459
309,patricia.torres,Patricia,Torres,460
61,patricia.williams,Patricia,Williams,461
319,patrick.campbell,Patrick,Campbell,462
258,patrick.harris,Patrick,Harris,463
205,patrick.morris,Patrick,Morris,464
385,patrick.perez,Patrick,Perez,465
210,paul.martinez,Paul,Martinez,466
175,paul.walker,Paul,Walker,467
24,paul.wright,Paul,Wright,468
547,rachel.cruz,Rachel,Cruz,469
216,rachel.king,Rachel,King,470
396,rachel.miller,Rachel,Miller,471
588,rachel.moore,Rachel,Moore,472
596,rachel.morales,Rachel,Morales,473
18,rachel.rivera,Rachel,Rivera,474
197,rachel.roberts,Rachel,Roberts,475
211,rachel.young,Rachel,Young,476
58,raymond.anderson,Raymond,Anderson,477
223,raymond.clark,Raymond,Clark,478
11,raymond.davis,Raymond,Davis,479
269,raymond.davis1,Raymond,Davis,480
401,raymond.parker,Raymond,Parker,481
187,rebecca.davis,Rebecca,Davis,482
295,rebecca.flores,Rebecca,Flores,483
461,rebecca.moore,Rebecca,Moore,484
457,rebecca.murphy,Rebecca,Murphy,485
379,rebecca.perez,Rebecca,Perez,486
392,rebecca.perez1,Rebecca,Perez,487
288,rebecca.reed,Rebecca,Reed,488
98,rebecca.scott,Rebecca,Scott,489
171,richard.kim,Richard,Kim,490
66,richard.lewis,Richard,Lewis,491
43,richard.rogers,Richard,Rogers,492
25,robert.brown,Robert,Brown,493
191,robert.carter,Robert,Carter,494
41,robert.diaz,Robert,Diaz,495
238,robert.gomez,Robert,Gomez,496
268,robert.gonzalez,Robert,Gonzalez,497
549,robert.miller,Robert,Miller,498
273,robert.nguyen,Robert,Nguyen,499
510,robert.ramos,Robert,Ramos,500
224,robert.robinson,Robert,Robinson,501
271,robert.sanchez,Robert,Sanchez,502
73,robert.taylor,Robert,Taylor,503
452,ronald.edwards,Ronald,Edwards,504
312,ronald.evans,Ronald,Evans,505
451,ronald.hill,Ronald,Hill,506
418,ronald.kim,Ronald,Kim,507
278,ronald.parker,Ronald,Parker,508
567,ronald.perez,Ronald,Perez,509
32,ronald.ramos,Ronald,Ramos,510
108,ronald.sanchez,Ronald,Sanchez,511
341,ronald.stewart,Ronald,Stewart,512
207,ronald.ward,Ronald,Ward,513
460,ronald.wright,Ronald,Wright,514
518,ryan.flores,Ryan,Flores,515
178,ryan.green,Ryan,Green,516
331,ryan.gutierrez,Ryan,Gutierrez,517
487,ryan.hernandez,Ryan,Hernandez,518
30,ryan.hill,Ryan,Hill,519
365,ryan.lee,Ryan,Lee,520
342,ryan.martin,Ryan,Martin,521
212,ryan.thompson,Ryan,Thompson,522
52,samantha.brown,Samantha,Brown,523
10,samantha.carter,Samantha,Carter,524
6,samantha.diaz,Samantha,Diaz,525
413,samantha.parker,Samantha,Parker,526
321,samantha.peterson,Samantha,Peterson,527
483,samuel.allen,Samuel,Allen,528
110,samuel.bailey,Samuel,Bailey,529
299,samuel.harris,Samuel,Harris,530
535,samuel.king,Samuel,King,531
157,samuel.martinez,Samuel,Martinez,532
27,samuel.morales,Samuel,Morales,533
573,samuel.morales1,Samuel,Morales,534
87,sandra.campbell,Sandra,Campbell,535
82,sandra.gomez,Sandra,Gomez,536
163,sandra.jackson,Sandra,Jackson,537
263,sandra.martin,Sandra,Martin,538
222,sarah.collins,Sarah,Collins,539
434,sarah.davis,Sarah,Davis,540
356,sarah.hernandez,Sarah,Hernandez,541
533,sarah.morales,Sarah,Morales,542
161,sarah.murphy,Sarah,Murphy,543
226,sarah.rodriguez,Sarah,Rodriguez,544
597,sarah.williams,Sarah,Williams,545
512,scott.green,Scott,Green,546
122,scott.howard,Scott,Howard,547
40,scott.phillips,Scott,Phillips,548
54,scott.thomas,Scott,Thomas,549
173,scott.ward,Scott,Ward,550
47,sharon.carter,Sharon,Carter,551
532,sharon.roberts,Sharon,Roberts,552
137,shirley.allen,Shirley,Allen,553
469,shirley.nguyen,Shirley,Nguyen,554
344,shirley.reyes,Shirley,Reyes,555
427,shirley.walker,Shirley,Walker,556
215,shirley.ward,Shirley,Ward,557
214,stephanie.anderson,Stephanie,Anderson,558
105,stephanie.cooper,Stephanie,Cooper,559
478,stephanie.davis,Stephanie,Davis,560
233,stephanie.kelly,Stephanie,Kelly,561
143,stephanie.moore,Stephanie,Moore,562
337,stephanie.morgan,Stephanie,Morgan,563
260,stephanie.ramos,Stephanie,Ramos,564
306,stephanie.scott,Stephanie,Scott,565
231,stephen.allen,Stephen,Allen,566
366,stephen.brown,Stephen,Brown,567
300,stephen.diaz,Stephen,Diaz,568
405,stephen.johnson,Stephen,Johnson,569
340,stephen.reed,Stephen,Reed,570
492,stephen.sanchez,Stephen,Sanchez,571
276,steven.campbell,Steven,Campbell,572
80,steven.harris,Steven,Harris,573
568,steven.lewis,Steven,Lewis,574
514,steven.martinez,Steven,Martinez,575
499,steven.robinson,Steven,Robinson,576
64,susan.allen,Susan,Allen,577
74,susan.cook,Susan,Cook,578
94,susan.cook1,Susan,Cook,579
511,susan.flores,Susan,Flores,580
156,susan.jones,Susan,Jones,581
448,susan.martin,Susan,Martin,582
553,susan.morales,Susan,Morales,583
479,thomas.brown,Thomas,Brown,584
523,thomas.diaz,Thomas,Diaz,585
328,thomas.johnson,Thomas,Johnson,586
221,thomas.murphy,Thomas,Murphy,587
20,thomas.sanchez,Thomas,Sanchez,588
527,thomas.taylor,Thomas,Taylor,589
488,thomas.williams,Thomas,Williams,590
1,timothy.bailey,Timothy,Bailey,591
237,timothy.kelly,Timothy,Kelly,592
265,timothy.lewis,Timothy,Lewis,593
164,timothy.martin,Timothy,Martin,594
383,timothy.morris,Timothy,Morris,595
422,timothy.robinson,Timothy,Robinson,596
91,timothy.thomas,Timothy,Thomas,597
50,timothy.white,Timothy,White,598
100,tyler.brown,Tyler,Brown,599
134,tyler.flores,Tyler,Flores,600
373,tyler.martinez,Tyler,Martinez,601
455,tyler.ortiz,Tyler,Ortiz,602
509,tyler.rogers,Tyler,Rogers,603
589,william.garcia,William,Garcia,604
574,william.gutierrez,William,Gutierrez,605
608,william.harris,William,Harris,606
563,william.murphy,William,Murphy,607
257,william.rogers,William,Rogers,608
261,william.scott,William,Scott,609
466,william.thomas,William,Thomas,610
